type,dateTime,gameMode,pl_clan,pl_clan_tag,player,pl_tag,pl_crowns,pl_deck,pl_elixir_leak,op_clan,op_clan_tag,opponent,op_tag,op_crowns,op_deck,op_elixir_leak
pathOfLegend,20221101T110310.000Z,Ranked1v1,No Clan,None,juanxi99,#YCL0JVQG,1,Bats;Hog Rider;Ice Golem;Ice Spirit;Mini P.E.K.K.A;Princess;Rocket;The Log,0.45,Clash Nerds,#LGQPQ9G9,XxperxX,#28R2LCQ9,0,Bandit;Electro Wizard;Elixir Collector;Golem;Inferno Dragon;Mini P.E.K.K.A;Musketeer;Zap,3.41
PvP,20221101T105937.000Z,Ladder,No Clan,None,juanxi99,#YCL0JVQG,1,Bats;Hog Rider;Ice Golem;Ice Spirit;Mini P.E.K.K.A;Princess;Rocket;The Log,0.14,马来西亚,#Y9GJ0RU,福福,#8G00RLP8L,0,Firecracker;Goblin Barrel;Musketeer;Princess;Rocket;Skeleton Army;The Log;Valkyrie,2.41
pathOfLegend,20221029T175852.000Z,Ranked1v1_GoldRush,No Clan,None,juanxi99,#YCL0JVQG,1,Bats;Hog Rider;Ice Golem;Ice Spirit;Mini P.E.K.K.A;Princess;Rocket;The Log,0.41,WARHEADS DnD,#PU2GGU2,MRS. WARHEAD,#8G9V082J,0,Bomber;Elite Barbarians;Miner;Minion Horde;Mother Witch;Night Witch;Prince;Wizard,0.0
pathOfLegend,20221029T175437.000Z,Ranked1v1_GoldRush,No Clan,None,juanxi99,#YCL0JVQG,1,Bats;Hog Rider;Ice Golem;Ice Spirit;Mini P.E.K.K.A;Princess;Rocket;The Log,3.7,WE DEM BOYZ,#LU92Q2C8,sergio,#Y9G2VYLCG,0,Bats;Dart Goblin;Freeze;Mega Knight;Mini P.E.K.K.A;Princess;Royal Giant;Skeleton Army,4.34
PvP,20221011T085545.000Z,Ladder,No Clan,None,juanxi99,#YCL0JVQG,0,Bats;Hog Rider;Ice Golem;Ice Spirit;Mini P.E.K.K.A;Princess;Rocket;The Log,4.32,Prism Cats,#LYQ8GQG9,vijval999,#82VUP8G00,1,Goblin Barrel;Hog Rider;Inferno Tower;Knight;Skeleton Army;The Log;Wizard;Zap,0.41
PvP,20221010T115443.000Z,Ladder,No Clan,None,juanxi99,#YCL0JVQG,2,Cannon Cart;Dart Goblin;Goblin Barrel;Goblin Gang;Princess;Rascals;Rocket;The Log,2.88,No Clan,None,1899decano!,#9GQU08RRU,0,Balloon;Barbarians;Flying Machine;Freeze;Goblin Barrel;Royal Giant;Three Musketeers;Wizard,6.35
challenge,20221001T163048.000Z,RampUpElixir_Friendly,No Clan,None,juanxi99,#YCL0JVQG,0,Cannon Cart;Dart Goblin;Goblin Barrel;Goblin Gang;Princess;Rascals;Rocket;The Log,9.35,No Clan,None,HSK,#YYRP8Y00,1,Arrows;Balloon;Firecracker;Hog Rider;Knight;Valkyrie;Witch;Wizard,7.35
challenge,20220927T093655.000Z,DraftMode,No Clan,None,juanxi99,#YCL0JVQG,0,Balloon;Bats;Electro Spirit;Giant Snowball;Ice Golem;Knight;Lumberjack;The Log,5.41,No Clan,None,فرشید ثابتی,#9Q08QL2PL,1,Earthquake;Freeze;Goblin Giant;Goblins;Hunter;Ice Spirit;Mini P.E.K.K.A;Skeleton Barrel,0.85
PvP,20220927T093232.000Z,Ladder,No Clan,None,juanxi99,#YCL0JVQG,1,Cannon Cart;Dart Goblin;Goblin Barrel;Goblin Gang;Princess;Rascals;Rocket;The Log,6.41,صقور العراق,#U2UQPQ0,علوش المدريدي,#290YJUR80,0,Electro Wizard;Golem;Inferno Dragon;Knight;Lightning;Minion Horde;Skeleton Army;Zap,4.41
PvP,20220927T092909.000Z,Ladder,No Clan,None,juanxi99,#YCL0JVQG,1,Cannon Cart;Dart Goblin;Goblin Barrel;Goblin Gang;Princess;Rascals;Rocket;The Log,4.83,гей пати,#L02VLQUR,Batman,#2CPV9P8UC,0,Bandit;Elite Barbarians;Inferno Dragon;Lumberjack;Skeleton Army;Valkyrie;Witch;Zap,4.06
challenge,20220926T112324.000Z,DraftMode,No Clan,None,juanxi99,#YCL0JVQG,1,Barbarian Barrel;Elixir Golem;Fire Spirit;Miner;Night Witch;Skeleton Army;Spear Goblins;X-Bow,2.41,MERICA,#YL2V0P9,bobthebutt,#VQG222Q8,0,Battle Ram;Dark Prince;Dart Goblin;Goblin Drill;Goblin Gang;Lightning;Prince;Royal Ghost,0.0
PvP,20220926T093602.000Z,Ladder,No Clan,None,juanxi99,#YCL0JVQG,3,Cannon Cart;Dart Goblin;Goblin Barrel;Goblin Gang;Princess;Rascals;Rocket;The Log,1.53,Gooses army,#YCLL0JR0,Ghostfer,#289VGGCLU,0,Barbarians;Firecracker;Furnace;Poison;Royal Hogs;Skeleton Barrel;Valkyrie;Wizard,0.0
challenge,20220924T174015.000Z,DraftMode,No Clan,None,juanxi99,#YCL0JVQG,2,Electro Wizard;Elixir Collector;Giant;Goblin Giant;Ice Spirit;Inferno Tower;Musketeer;Rocket,5.56,Akatsuki,#QGY0902R,treyser,#GYQRQ8JC,1,Baby Dragon;Fireball;Fisherman;Furnace;Guards;Ice Golem;P.E.K.K.A;Ram Rider,0.26
challenge,20220923T190412.000Z,Challenge_AllCards_EventDeck,No Clan,None,juanxi99,#YCL0JVQG,0,Cannon Cart;Dart Goblin;Goblin Barrel;Goblin Gang;Princess;Rascals;Rocket;The Log,3.46,Center Court,#898P08VR,CC I Gussel,#RRGG88JGU,1,Bandit;Barbarian Barrel;Electro Wizard;Mega Knight;Mighty Miner;Mother Witch;Poison;Ram Rider,2.88
challenge,20220923T185937.000Z,Challenge_AllCards_EventDeck,No Clan,None,juanxi99,#YCL0JVQG,1,Cannon Cart;Dart Goblin;Goblin Barrel;Goblin Gang;Princess;Rascals;Rocket;The Log,3.41,super war,#YU8QL8U9,Maestroclans,#80UPJG09R,0,Bats;Dart Goblin;Electro Spirit;Goblin Barrel;Mega Knight;Skeletons;Tesla;The Log,5.44
challenge,20220923T152017.000Z,Challenge_AllCards_EventDeck,No Clan,None,juanxi99,#YCL0JVQG,1,Cannon Cart;Dart Goblin;Goblin Barrel;Goblin Gang;Princess;Rascals;Rocket;The Log,1.78,أبطال wetzlar,#P8PV8J8Y,Hussien,#RPJRJGRR9,0,Archer Queen;Bomber;Dark Prince;Electro Giant;Goblin Cage;Lightning;Skeletons;Tornado,2.18
challenge,20220918T083558.000Z,Challenge_AllCards_EventDeck,No Clan,None,juanxi99,#YCL0JVQG,1,Cannon Cart;Dart Goblin;Goblin Barrel;Goblin Gang;Princess;Rascals;Rocket;The Log,1.31,No Clan,None,Teo♧,#UYV2Y282,0,Freeze;Goblin Gang;Hog Rider;Knight;Musketeer;Princess;Rocket;The Log,1.82
challenge,20220917T170223.000Z,Challenge_AllCards_EventDeck,No Clan,None,juanxi99,#YCL0JVQG,0,Cannon Cart;Dart Goblin;Goblin Barrel;Goblin Gang;Princess;Rascals;Rocket;The Log,2.41,malelistas,#LL880J0G,flavitoes,#GLLQ2U2L,1,Bomb Tower;Magic Archer;Miner;Skeletons;The Log;Tornado;Valkyrie;Wall Breakers,0.99
PvP,20220917T165904.000Z,Ladder_CrownRush,No Clan,None,juanxi99,#YCL0JVQG,1,Cannon Cart;Dart Goblin;Goblin Barrel;Goblin Gang;Princess;Rascals;Rocket;The Log,5.78,No Clan,None,LoneWolf,#9J9YYJ820,0,Arrows;Baby Dragon;Dark Prince;Giant Skeleton;Knight;Mega Knight;The Log;Wizard,10.07
PvP,20220917T165521.000Z,Ladder_CrownRush,No Clan,None,juanxi99,#YCL0JVQG,1,Cannon Cart;Dart Goblin;Goblin Barrel;Goblin Gang;Princess;Rascals;Rocket;The Log,12.41,No Clan,None,deli tarzan,#89L8Y0QUU,0,Dark Prince;Electro Giant;Goblin Cage;Goblin Gang;Hunter;Mighty Miner;Night Witch;Valkyrie,0.0
PvP,20220917T165152.000Z,Ladder_CrownRush,No Clan,None,juanxi99,#YCL0JVQG,2,Cannon Cart;Dart Goblin;Goblin Barrel;Goblin Gang;Princess;Rascals;Rocket;The Log,6.41,Amigos,#9Y8G2PYV,Ielidro,#PCQY899G,1,Archers;Balloon;Clone;Giant Skeleton;Mirror;Poison;Rage;Witch,6.41
challenge,20220916T091607.000Z,Challenge_AllCards_EventDeck,No Clan,None,juanxi99,#YCL0JVQG,1,Cannon Cart;Dart Goblin;Goblin Barrel;Goblin Gang;Princess;Rascals;Rocket;The Log,6.41,ХаРьКоВ,#80YGGQQ,Мама Твоя,#CU892QQCY,0,Balloon;Bomber;Fireball;Giant Snowball;Inferno Dragon;Lava Hound;Minions;Skeleton Army,3.41
challenge,20220915T100007.000Z,Challenge_AllCards_EventDeck,No Clan,None,juanxi99,#YCL0JVQG,0,Cannon Cart;Dart Goblin;Goblin Barrel;Goblin Gang;Princess;Rascals;Rocket;The Log,7.41,12459,#QLL2PY2R,twx_1888,#QU0PJ2LJC,1,Executioner;Goblins;Hog Rider;Ice Spirit;Rocket;The Log;Tornado;Valkyrie,5.7
challenge,20220915T095647.000Z,Challenge_AllCards_EventDeck,No Clan,None,juanxi99,#YCL0JVQG,3,Cannon Cart;Dart Goblin;Goblin Barrel;Goblin Gang;Princess;Rascals;Rocket;The Log,0.98,Dietro Orgins,#LCGCJUPY,gamer_girly_301,#JL2CJRYPJ,0,Fireball;Goblin Barrel;Hog Rider;Inferno Tower;Night Witch;Royal Giant;Skeleton King;The Log,13.95
challenge,20220915T095455.000Z,Challenge_AllCards_EventDeck,No Clan,None,juanxi99,#YCL0JVQG,1,Cannon Cart;Dart Goblin;Goblin Barrel;Goblin Gang;Princess;Rascals;Rocket;The Log,1.49,☆DEMON SLAYER☆,#QPVUPC9J,ken,#88J208YQP,0,Arrows;Bandit;Bowler;Firecracker;Mega Knight;Mighty Miner;Ram Rider;Skeleton Barrel,1.25
PvP,20221110T223704.000Z,Ladder,✨SurgiNess✨,#LUYUC9UL,Surgi❤️Nessa,#92L9R2JG,1,Battle Ram;Elite Barbarians;Magic Archer;Monk;Mother Witch;Phoenix;Royal Ghost;Zap,0.71,Astar,#20RVY20,Ivan✌,#2LCLG88RV,0,Archer Queen;Bomb Tower;Goblins;Ice Spirit;Miner;Phoenix;Poison;The Log,3.15
pathOfLegend,20221110T124824.000Z,Ranked1v1,✨SurgiNess✨,#LUYUC9UL,Surgi❤️Nessa,#92L9R2JG,1,Bomb Tower;Dart Goblin;Goblin Barrel;Goblin Gang;Ice Spirit;Monk;Rocket;The Log,4.41,No Clan,None,머스킷패거리,#P0UCQVUJY,0,Barbarian Barrel;Electro Dragon;Ice Wizard;Monk;Poison;Ram Rider;Skeletons;Tornado,7.41
pathOfLegend,20221110T124511.000Z,Ranked1v1,✨SurgiNess✨,#LUYUC9UL,Surgi❤️Nessa,#92L9R2JG,1,Bomb Tower;Dart Goblin;Goblin Barrel;Goblin Gang;Ice Spirit;Monk;Rocket;The Log,1.09,БРАТЬЯ,#YVRRQQJ0,doctor,#88U0JCGR,0,Executioner;Goblins;Hog Rider;Ice Spirit;Rocket;The Log;Tornado;Valkyrie,4.04
pathOfLegend,20221110T124110.000Z,Ranked1v1,✨SurgiNess✨,#LUYUC9UL,Surgi❤️Nessa,#92L9R2JG,2,Bomb Tower;Dart Goblin;Goblin Barrel;Goblin Gang;Ice Spirit;Monk;Rocket;The Log,3.48,あんあんJAPAN❤️❤️,#LPG8RYL,Taka.,#890UJLVY,1,Electro Spirit;Elixir Collector;Heal Spirit;Ice Spirit;Mirror;Monk;Phoenix;Rage,2.93
pathOfLegend,20221110T123444.000Z,Ranked1v1,✨SurgiNess✨,#LUYUC9UL,Surgi❤️Nessa,#92L9R2JG,0,Bomb Tower;Dart Goblin;Goblin Barrel;Goblin Gang;Ice Spirit;Monk;Rocket;The Log,6.17,LDKC NFT,#QPRQJ02V,Alec,#289VPJ8V,3,Barbarian Barrel;Cannon Cart;Dark Prince;Electro Wizard;Executioner;Goblin Drill;Golden Knight;Tornado,1.54
pathOfLegend,20221111T065423.000Z,Ranked1v1,No Clan,None,Sergio❤️Bisha,#P2U9G2J,2,Balloon;Fireball;Goblin Cage;Inferno Dragon;Miner;Monk;Phoenix;Zap,0.96,Super rookie 1,#8GR0LGC,Specs,#8QR28CR,1,Elixir Collector;Minions;Musketeer;Rage;Royal Giant;Valkyrie;Witch;Zap,10.52
challenge,20221108T090934.000Z,Challenge_AllCards_EventDeck,No Clan,None,Sergio❤️Bisha,#P2U9G2J,2,Balloon;Fireball;Goblin Cage;Inferno Dragon;Miner;Monk;Phoenix;Zap,0.66,⚡BrosAlliance™⚡,#Q09JU0V9,RaFa,#YGGVYLJQ,0,Bomb Tower;Goblin Gang;Ice Spirit;Miner;Monk;Phoenix;Poison;The Log,2.41
challenge,20221108T090559.000Z,Challenge_AllCards_EventDeck,No Clan,None,Sergio❤️Bisha,#P2U9G2J,1,Balloon;Fireball;Goblin Cage;Inferno Dragon;Miner;Monk;Phoenix;Zap,0.85,無言,#YUP9R2V8,紫水,#8PQ8GL8Y0,0,Bomb Tower;Goblin Gang;Ice Spirit;Miner;Monk;Phoenix;Poison;The Log,0.81
challenge,20221108T090106.000Z,Challenge_AllCards_EventDeck,No Clan,None,Sergio❤️Bisha,#P2U9G2J,1,Balloon;Fireball;Goblin Cage;Inferno Dragon;Miner;Monk;Phoenix;Zap,7.89,七つの大罪,#Y9L0VYR2,Jerry,#2PC0RYVY9,2,Barbarian Barrel;Graveyard;Monk;Phoenix;Poison;Royal Delivery;Tombstone;Zappies,10.89
friendly,20221108T085508.000Z,Friendly,No Clan,None,Sergio❤️Bisha,#P2U9G2J,0,Balloon;Fireball;Goblin Cage;Inferno Dragon;Miner;Monk;Phoenix;Zap,0.15,DEDsafíoMundial,#GGLQUQR0,CHI Pompeyo4,#YP9VPGUUG,1,Balloon;Fireball;Goblin Cage;Inferno Dragon;Miner;Monk;Phoenix;Zap,1.18
friendly,20221108T085142.000Z,Friendly,No Clan,None,Sergio❤️Bisha,#P2U9G2J,0,Balloon;Fireball;Goblin Cage;Inferno Dragon;Miner;Monk;Phoenix;Zap,4.31,DEDsafíoMundial,#GGLQUQR0,CHI Pompeyo4,#YP9VPGUUG,1,Balloon;Fireball;Goblin Cage;Inferno Dragon;Miner;Monk;Phoenix;Zap,4.32
friendly,20221108T084804.000Z,Friendly,No Clan,None,Sergio❤️Bisha,#P2U9G2J,0,Balloon;Fireball;Goblin Cage;Inferno Dragon;Miner;Monk;Phoenix;Zap,0.04,DEDsafíoMundial,#GGLQUQR0,CHI Pompeyo4,#YP9VPGUUG,1,Balloon;Fireball;Goblin Cage;Inferno Dragon;Miner;Monk;Phoenix;Zap,1.9
friendly,20221108T083955.000Z,Friendly,No Clan,None,Sergio❤️Bisha,#P2U9G2J,2,Balloon;Barbarian Barrel;Electro Dragon;Freeze;Lumberjack;Monk;Phoenix;Tornado,1.01,Snipe Academy⭐️,#LVJJQYCP,Anaban❤️Snipe,#Q029J2RU,1,Balloon;Barbarian Barrel;Electro Dragon;Freeze;Lumberjack;Monk;Phoenix;Tornado,1.55
friendly,20221108T083448.000Z,Friendly,No Clan,None,Sergio❤️Bisha,#P2U9G2J,1,Balloon;Barbarian Barrel;Electro Dragon;Freeze;Lumberjack;Monk;Phoenix;Tornado,5.59,Snipe Academy⭐️,#LVJJQYCP,Anaban❤️Sofia,#GYUQQCLV,3,Balloon;Barbarian Barrel;Electro Dragon;Freeze;Lumberjack;Monk;Phoenix;Tornado,1.31
friendly,20221108T083253.000Z,Friendly,No Clan,None,Sergio❤️Bisha,#P2U9G2J,1,Balloon;Barbarian Barrel;Electro Dragon;Freeze;Lumberjack;Monk;Phoenix;Tornado,1.04,Snipe Academy⭐️,#LVJJQYCP,Anaban❤️Sofia,#GYUQQCLV,3,Balloon;Barbarian Barrel;Electro Dragon;Freeze;Lumberjack;Monk;Phoenix;Tornado,0.53
friendly,20221108T080524.000Z,Friendly,No Clan,None,Sergio❤️Bisha,#P2U9G2J,1,Balloon;Barbarian Barrel;Electro Dragon;Freeze;Lumberjack;Monk;Phoenix;Tornado,3.24,Clanpeyo,#P9GRQ89P,CODE: ROCKSTAR,#PPRUPPCVY,0,Balloon;Barbarian Barrel;Electro Dragon;Freeze;Lumberjack;Monk;Phoenix;Tornado,4.04
friendly,20221108T074553.000Z,Friendly,No Clan,None,Sergio❤️Bisha,#P2U9G2J,1,Bats;Electro Dragon;Miner;Phoenix;Poison;Royal Delivery;Tesla;Tornado,5.51,Clanpeyo,#P9GRQ89P,CODE: ROCKSTAR,#PPRUPPCVY,0,Balloon;Barbarian Barrel;Electro Dragon;Freeze;Lumberjack;Monk;Phoenix;Tornado,15.24
friendly,20221108T073902.000Z,Friendly,No Clan,None,Sergio❤️Bisha,#P2U9G2J,0,Cannon;Dart Goblin;Fire Spirit;Goblin Barrel;Mighty Miner;Rocket;Skeletons;The Log,7.56,Clanpeyo,#P9GRQ89P,CODE: ROCKSTAR,#PPRUPPCVY,3,Balloon;Barbarian Barrel;Electro Dragon;Freeze;Lumberjack;Monk;Phoenix;Tornado,0.0
friendly,20221108T073533.000Z,Friendly,No Clan,None,Sergio❤️Bisha,#P2U9G2J,0,Bandit;Barbarian Barrel;Electro Wizard;Fireball;Mega Knight;Mighty Miner;Mother Witch;Ram Rider,0.24,Clanpeyo,#P9GRQ89P,CODE: ROCKSTAR,#PPRUPPCVY,1,Balloon;Barbarian Barrel;Electro Dragon;Freeze;Lumberjack;Monk;Phoenix;Tornado,7.01
challenge,20221027T020258.000Z,Challenge_AllCards_EventDeck,No Clan,None,Sergio❤️Bisha,#P2U9G2J,2,Archer Queen;Barbarian Barrel;Graveyard;Ice Spirit;Knight;Phoenix;Poison;Spear Goblins,0.66,Brasil,#L8J9YR2U,princesa,#LQP9RVR8V,1,Bomber;Elite Barbarians;Prince;Princess;Rage;Skeleton Army;Wizard;Zap,1.64
challenge,20221027T015455.000Z,Challenge_AllCards_EventDeck,No Clan,None,Sergio❤️Bisha,#P2U9G2J,3,Archer Queen;Barbarian Barrel;Graveyard;Ice Spirit;Knight;Phoenix;Poison;Spear Goblins,0.0,~Royale Legends,#2090UR9,leo:),#YYURRL8YP,0,Barbarian Barrel;Barbarian Hut;Battle Healer;Electro Dragon;Elixir Golem;Monk;Phoenix;Tornado,20.28
challenge,20221027T015211.000Z,Challenge_AllCards_EventDeck,No Clan,None,Sergio❤️Bisha,#P2U9G2J,1,Archer Queen;Barbarian Barrel;Graveyard;Ice Spirit;Knight;Phoenix;Poison;Spear Goblins,0.17,トレード,#LPU9JLJU,Meuchelmolder,#8299YCY90,3,Barbarian Barrel;Barbarian Hut;Battle Healer;Electro Dragon;Elixir Golem;Phoenix;Rage;Tornado,3.79
challenge,20221027T014841.000Z,Challenge_AllCards_EventDeck,No Clan,None,Sergio❤️Bisha,#P2U9G2J,3,Archer Queen;Barbarian Barrel;Graveyard;Ice Spirit;Knight;Phoenix;Poison;Spear Goblins,0.0,Tyranica cz.,#QLCRCJV,aja.gaja,#9J90YGVYL,0,Archers;Bomber;Prince;Rocket;Royal Hogs;Skeleton Army;The Log;Zap,0.25
challenge,20221027T014600.000Z,Challenge_AllCards_EventDeck,No Clan,None,Sergio❤️Bisha,#P2U9G2J,0,Archer Queen;Barbarian Barrel;Graveyard;Ice Spirit;Knight;Phoenix;Poison;Spear Goblins,0.02,かぐや様は告らせたい,#PQGQJRVC,シャア　アズナブル,#PPUV0LLVV,1,Elixir Collector;Goblin Gang;Ice Golem;Miner;Minion Horde;Monk;Three Musketeers;Zap,4.6
challenge,20221027T014251.000Z,Challenge_AllCards_EventDeck,No Clan,None,Sergio❤️Bisha,#P2U9G2J,0,Archer Queen;Barbarian Barrel;Graveyard;Ice Spirit;Knight;Phoenix;Poison;Spear Goblins,2.88,Practice,#Q2URP0LU,Grit Sand,#22Q9QQ9QJ,1,Fireball;Fisherman;Goblin Gang;Phoenix;Royal Giant;Skeleton King;The Log;Zappies,2.24
challenge,20221027T003338.000Z,Challenge_AllCards_EventDeck,No Clan,None,Sergio❤️Bisha,#P2U9G2J,3,Archer Queen;Barbarian Barrel;Graveyard;Ice Spirit;Knight;Phoenix;Poison;Spear Goblins,0.29,クラン対戦,#LG8PPLJQ,kinako,#QR0J0J9GQ,0,Barbarian Barrel;Graveyard;Mirror;Monk;Phoenix;Poison;Tombstone;Zappies,6.71
challenge,20221027T002721.000Z,Challenge_AllCards_EventDeck,No Clan,None,Sergio❤️Bisha,#P2U9G2J,1,Archer Queen;Barbarian Barrel;Graveyard;Ice Spirit;Knight;Phoenix;Poison;Spear Goblins,0.15,No Clan,None,Essam♥️Fio,#2CYLVL2L,0,Barbarian Barrel;Battle Healer;Earthquake;Electro Giant;Monk;Phoenix;Tornado;Zappies,1.32
challenge,20221027T002207.000Z,Challenge_AllCards_EventDeck,No Clan,None,Sergio❤️Bisha,#P2U9G2J,1,Archer Queen;Barbarian Barrel;Graveyard;Ice Spirit;Knight;Phoenix;Poison;Spear Goblins,1.9,No Clan,None,adriel,#9CPCC890,0,Elixir Collector;Fireball;Ice Golem;Ice Spirit;Miner;Mirror;Phoenix;Skeletons,2.98
challenge,20221027T001705.000Z,Challenge_AllCards_EventDeck,No Clan,None,Sergio❤️Bisha,#P2U9G2J,1,Archer Queen;Barbarian Barrel;Graveyard;Ice Spirit;Knight;Phoenix;Poison;Spear Goblins,3.31,Titan Warfare,#9CPV098R,fhkfx,#L9G29JGYP,0,Barbarian Barrel;Graveyard;Phoenix;Poison;Skeleton King;Skeletons;Tombstone;Zappies,8.0
challenge,20221026T235850.000Z,Challenge_AllCards_EventDeck,No Clan,None,Sergio❤️Bisha,#P2U9G2J,1,Archer Queen;Barbarian Barrel;Graveyard;Ice Spirit;Knight;Phoenix;Poison;Spear Goblins,0.0,LDG,#LQ2LGGYR,karter,#90JJLVG82,0,Battle Healer;Electro Dragon;Elixir Golem;Mirror;Phoenix;Rage;Rocket;Tornado,2.18
friendly,20221110T113933.000Z,Draft_Competitive,DRKSHDW,#GJCRQC0J,thegod_rf,#228RR0GR,1,Bats;Bomb Tower;Bomber;Earthquake;Mega Knight;Miner;Tornado;Zappies,2.79,Hard D eSports,#P228LYV9,CMG ah craaaap,#2PLQLRGQR,0,Dart Goblin;Fisherman;Freeze;Minion Horde;Royal Giant;Royal Recruits;Sparky;Zap,2.27
friendly,20221110T113253.000Z,Draft_Competitive,DRKSHDW,#GJCRQC0J,thegod_rf,#228RR0GR,0,Minion Horde;Mortar;Mother Witch;Princess;Rocket;Royal Ghost;Skeleton Army;Zap,12.86,Hard D eSports,#P228LYV9,CMG ah craaaap,#2PLQLRGQR,1,Arrows;Electro Giant;Fisherman;Lightning;Night Witch;Phoenix;Tombstone;Witch,12.17
friendly,20221110T112714.000Z,Draft_Competitive,DRKSHDW,#GJCRQC0J,thegod_rf,#228RR0GR,0,Bats;Cannon;Earthquake;Executioner;Fire Spirit;Mother Witch;The Log;Wall Breakers,8.89,Hard D eSports,#P228LYV9,CMG ah craaaap,#2PLQLRGQR,1,Bowler;Fireball;Giant;Giant Snowball;Lumberjack;Phoenix;Skeletons;Witch,9.43
friendly,20221110T112143.000Z,Draft_Competitive,DRKSHDW,#GJCRQC0J,thegod_rf,#228RR0GR,1,Cannon Cart;Electro Dragon;Ice Golem;Ice Wizard;Poison;Tesla;The Log;X-Bow,9.54,Hard D eSports,#P228LYV9,CMG ah craaaap,#2PLQLRGQR,0,Balloon;Executioner;Fireball;Mini P.E.K.K.A;Phoenix;Prince;Royal Delivery;Sparky,13.18
friendly,20221110T111641.000Z,Draft_Competitive,DRKSHDW,#GJCRQC0J,thegod_rf,#228RR0GR,1,Bandit;Elite Barbarians;Firecracker;Inferno Dragon;Lightning;Prince;Royal Hogs;The Log,5.17,Hard D eSports,#P228LYV9,CMG ah craaaap,#2PLQLRGQR,0,Bats;Bomber;Graveyard;Miner;P.E.K.K.A;Phoenix;Rocket;Royal Delivery,10.41
friendly,20221110T111240.000Z,Draft_Competitive,DRKSHDW,#GJCRQC0J,thegod_rf,#228RR0GR,0,Archers;Cannon Cart;Giant Snowball;Goblin Cage;Goblin Giant;Musketeer;Poison;Prince,6.97,Hard D eSports,#P228LYV9,CMG ah craaaap,#2PLQLRGQR,1,Balloon;Bomb Tower;Bomber;Electro Wizard;Knight;Lightning;Minions;The Log,11.52
friendly,20221110T110704.000Z,Draft_Competitive,DRKSHDW,#GJCRQC0J,thegod_rf,#228RR0GR,1,Barbarian Barrel;Goblins;Lava Hound;Mega Minion;Mother Witch;Poison;Prince;Skeleton Dragons,3.66,Hard D eSports,#P228LYV9,CMG ah craaaap,#2PLQLRGQR,0,Arrows;Cannon Cart;Fireball;Fisherman;Guards;Phoenix;Royal Hogs;Zappies,3.34
challenge,20221110T110242.000Z,Challenge_AllCards_EventDeck,DRKSHDW,#GJCRQC0J,thegod_rf,#228RR0GR,1,Archer Queen;Bomb Tower;Earthquake;Giant Skeleton;Hog Rider;Ice Spirit;Skeletons;The Log,3.88,25+ Perspective,#Q0J8YCUL,Jolige Jager,#98QPLLV8,0,Barbarian Barrel;Graveyard;Monk;Phoenix;Poison;Skeletons;Tombstone;Zappies,4.31
challenge,20221110T105054.000Z,Challenge_AllCards_EventDeck,DRKSHDW,#GJCRQC0J,thegod_rf,#228RR0GR,1,Archer Queen;Bomb Tower;Earthquake;Giant Skeleton;Hog Rider;Ice Spirit;Skeletons;The Log,1.51,....,#LVYYR9QG,LHT_ale,#QRPLP0CUU,0,Fireball;Fisherman;Mother Witch;Phoenix;Royal Giant;Skeleton King;The Log;Zappies,6.1
challenge,20221110T051028.000Z,Challenge_AllCards_EventDeck,DRKSHDW,#GJCRQC0J,thegod_rf,#228RR0GR,0,Archer Queen;Bomb Tower;Earthquake;Giant Skeleton;Hog Rider;Ice Spirit;Skeletons;The Log,1.31,club夜遊,#LR9UPC2R,なのは,#CC80PCUUP,1,Electro Spirit;Fisherman;Hunter;Lightning;Monk;Royal Ghost;Royal Giant;The Log,0.96
friendly,20221108T105759.000Z,Draft_Competitive,DRKSHDW,#GJCRQC0J,thegod_rf,#228RR0GR,2,Executioner;Ice Spirit;Lightning;Mother Witch;Phoenix;Royal Ghost;Royal Hogs;The Log,3.91,Hard D eSports,#P228LYV9,CMG ah craaaap,#2PLQLRGQR,0,Dart Goblin;Electro Wizard;Fireball;Knight;Rage;Royal Delivery;Skeletons;Wall Breakers,6.41
friendly,20221108T105349.000Z,Draft_Competitive,DRKSHDW,#GJCRQC0J,thegod_rf,#228RR0GR,1,Battle Ram;Earthquake;Furnace;Miner;Musketeer;Phoenix;Royal Delivery;Skeletons,0.25,Hard D eSports,#P228LYV9,CMG ah craaaap,#2PLQLRGQR,0,Baby Dragon;Elite Barbarians;Freeze;Heal Spirit;Minions;Royal Hogs;The Log;Valkyrie,3.8
friendly,20221108T104751.000Z,Draft_Competitive,DRKSHDW,#GJCRQC0J,thegod_rf,#228RR0GR,0,Bandit;Barbarian Barrel;Earthquake;Miner;Mortar;Princess;Skeletons;Witch,1.59,Hard D eSports,#P228LYV9,CMG ah craaaap,#2PLQLRGQR,1,Archers;Arrows;Elixir Collector;Fireball;Phoenix;Rascals;Royal Hogs;Tombstone,2.96
friendly,20221108T104345.000Z,Draft_Competitive,DRKSHDW,#GJCRQC0J,thegod_rf,#228RR0GR,1,Bomber;Fireball;Giant Snowball;Goblin Drill;Ice Spirit;Phoenix;Valkyrie;Wizard,14.24,Hard D eSports,#P228LYV9,CMG ah craaaap,#2PLQLRGQR,0,Cannon Cart;Dark Prince;Fire Spirit;Flying Machine;Graveyard;Inferno Dragon;Poison;Tornado,12.77
friendly,20221108T103735.000Z,Draft_Competitive,DRKSHDW,#GJCRQC0J,thegod_rf,#228RR0GR,1,Barbarian Barrel;Electro Wizard;Fire Spirit;Flying Machine;Furnace;Rascals;Rocket;Royal Hogs,30.35,Hard D eSports,#P228LYV9,CMG ah craaaap,#2PLQLRGQR,0,Balloon;Bats;Earthquake;Fisherman;Guards;Magic Archer;P.E.K.K.A;Tornado,18.35
friendly,20221108T103122.000Z,Draft_Competitive,DRKSHDW,#GJCRQC0J,thegod_rf,#228RR0GR,1,Elite Barbarians;Fireball;Flying Machine;Golem;Night Witch;Phoenix;Skeleton Army;The Log,1.24,Hard D eSports,#P228LYV9,CMG ah craaaap,#2PLQLRGQR,0,Barbarian Barrel;Bomber;Goblin Gang;Inferno Dragon;Mega Minion;Mortar;Rocket;Tesla,1.35
friendly,20221108T102641.000Z,Draft_Competitive,DRKSHDW,#GJCRQC0J,thegod_rf,#228RR0GR,1,Arrows;Baby Dragon;Dark Prince;Elixir Golem;Furnace;Minions;Poison;Tombstone,12.18,Hard D eSports,#P228LYV9,CMG ah craaaap,#2PLQLRGQR,0,Barbarian Barrel;Inferno Dragon;Lightning;P.E.K.K.A;Phoenix;Ram Rider;Royal Ghost;Skeletons,10.18
friendly,20221108T102011.000Z,Draft_Competitive,DRKSHDW,#GJCRQC0J,thegod_rf,#228RR0GR,3,Barbarian Barrel;Battle Ram;Dart Goblin;Fisherman;Night Witch;P.E.K.K.A;Poison;Zappies,3.62,Hard D eSports,#P228LYV9,CMG ah craaaap,#2PLQLRGQR,0,Archers;Battle Healer;Bowler;Goblin Cage;Hunter;Lightning;Royal Delivery;Royal Giant,11.22
friendly,20221108T101650.000Z,Draft_Competitive,DRKSHDW,#GJCRQC0J,thegod_rf,#228RR0GR,2,Dark Prince;Electro Spirit;Executioner;Mortar;Mother Witch;Rocket;Spear Goblins;The Log,6.88,Hard D eSports,#P228LYV9,CMG ah craaaap,#2PLQLRGQR,1,Arrows;Bandit;Guards;Lava Hound;Lightning;Miner;Phoenix;Skeleton Dragons,6.88
friendly,20221108T101145.000Z,Draft_Competitive,DRKSHDW,#GJCRQC0J,thegod_rf,#228RR0GR,1,Cannon;Cannon Cart;Fire Spirit;Freeze;Giant Snowball;Graveyard;Musketeer;Phoenix,3.69,Hard D eSports,#P228LYV9,CMG ah craaaap,#2PLQLRGQR,0,Bowler;Goblin Drill;Guards;Inferno Tower;Poison;Princess;The Log;Zappies,2.09
challenge,20221108T100622.000Z,Challenge_AllCards_EventDeck,DRKSHDW,#GJCRQC0J,thegod_rf,#228RR0GR,0,Bomb Tower;Goblin Gang;Ice Spirit;Miner;Monk;Phoenix;Poison;The Log,2.46,No Clan,None,ミゲル,#VJQQQQ0V,1,Barbarian Barrel;Dark Prince;Electro Dragon;Elixir Collector;Golem;Lumberjack;Phoenix;Tornado,7.4
challenge,20221108T100246.000Z,Challenge_AllCards_EventDeck,DRKSHDW,#GJCRQC0J,thegod_rf,#228RR0GR,1,Bomb Tower;Goblin Gang;Ice Spirit;Miner;Monk;Phoenix;Poison;The Log,9.39,Mini accounts,#G2RYCUU2,The Flash,#9P92U82C0,0,Bandit;Battle Ram;Electro Wizard;Fireball;Magic Archer;P.E.K.K.A;Royal Ghost;Zap,8.39
challenge,20221108T094455.000Z,Challenge_AllCards_EventDeck,DRKSHDW,#GJCRQC0J,thegod_rf,#228RR0GR,1,Bomb Tower;Goblin Gang;Ice Spirit;Miner;Monk;Phoenix;Poison;The Log,4.4,儒道—孔孟,#QQ080L8G,烟火lands,#C0C2JVRJY,0,Barbarian Barrel;Graveyard;Ice Wizard;Phoenix;Poison;Skeleton King;Tombstone;Tornado,4.63
challenge,20221108T093944.000Z,Challenge_AllCards_EventDeck,DRKSHDW,#GJCRQC0J,thegod_rf,#228RR0GR,1,Bomb Tower;Goblin Gang;Ice Spirit;Miner;Monk;Phoenix;Poison;The Log,12.95,D2 ENG,#Y29VV,어니스트리거,#Q0V0PY00L,0,Barbarian Barrel;Electro Dragon;Ice Wizard;Monk;Poison;Ram Rider;Skeletons;Tornado,4.16
friendly,20221108T063047.000Z,Draft_Competitive,DRKSHDW,#GJCRQC0J,thegod_rf,#228RR0GR,1,Arrows;Bats;Fireball;Fisherman;Goblin Gang;Inferno Dragon;Mini P.E.K.K.A;Royal Hogs,0.59,ホワイトルシアン❤,#P8GLLLPR,airsurfer,#P8VUY20C,0,Battle Healer;Giant Snowball;Graveyard;Guards;Inferno Tower;Minions;Musketeer;Poison,4.05
clanMate,20221110T173825.000Z,Duel_1v1_Friendly,SKC vs Bravus,#QQLL88PR,CAL RUBÉN,#LPRR9P,2,Baby Dragon;Bowler;Dark Prince;Electro Wizard;Fireball;Fisherman;Freeze;Golden Knight;Graveyard;Inferno Dragon;Mother Witch;Royal Giant;The Log;Tombstone;Tornado;Zappies,1.41,SKC vs Bravus,#QQLL88PR,MrOkey,#Y9QUGG0P,0,Arrows;Baby Dragon;Balloon;Bats;Clone;Fireball;Golem;Inferno Dragon;Lava Hound;Lumberjack;Minions;Night Witch;Skeleton Army;Tombstone;Valkyrie;Zap,0.88
pathOfLegend,20221109T172205.000Z,Ranked1v1,Queso Cup Teams,#Q0GRRRJV,CAL RUBÉN,#LPRR9P,1,Barbarian Barrel;Cannon;Electro Giant;Golden Knight;Ice Spirit;Lightning;Phoenix;Tornado,1.28,The Ritual,#Y82G8RGJ,white1337,#GUCVJUY8,0,Bowler;Freeze;Graveyard;Ice Wizard;Mega Minion;Phoenix;Skeleton Army;Tornado,6.32
pathOfLegend,20221109T171851.000Z,Ranked1v1,Queso Cup Teams,#Q0GRRRJV,CAL RUBÉN,#LPRR9P,1,Barbarian Barrel;Cannon;Electro Giant;Golden Knight;Ice Spirit;Lightning;Phoenix;Tornado,2.08,Clash Ukraine,#9U8VPJR0,Абдула86,#2RGY08UU0,0,Baby Dragon;Barbarian Barrel;Electro Wizard;Fireball;Graveyard;Mother Witch;P.E.K.K.A;Tornado,4.42
pathOfLegend,20221109T171426.000Z,Ranked1v1,Queso Cup Teams,#Q0GRRRJV,CAL RUBÉN,#LPRR9P,1,Barbarian Barrel;Cannon;Electro Giant;Golden Knight;Ice Spirit;Lightning;Phoenix;Tornado,1.79,Biscy Saucers,#L9CRC0PG,❤️Pitot Tube✈️,#G02VJ22,0,Bomb Tower;Goblins;Ice Spirit;Miner;Monk;Phoenix;Poison;The Log,0.82
pathOfLegend,20221109T170907.000Z,Ranked1v1,Queso Cup Teams,#Q0GRRRJV,CAL RUBÉN,#LPRR9P,1,Barbarian Barrel;Cannon;Electro Giant;Golden Knight;Ice Spirit;Lightning;Phoenix;Tornado,0.0,Hijgend Kalf,#L20G9G02,KONING WILLY,#290P92QVJ,0,Bomb Tower;Goblin Gang;Ice Spirit;Miner;Monk;Phoenix;Poison;The Log,2.53
pathOfLegend,20221109T170509.000Z,Ranked1v1,Queso Cup Teams,#Q0GRRRJV,CAL RUBÉN,#LPRR9P,3,Barbarian Barrel;Cannon;Electro Giant;Golden Knight;Ice Spirit;Lightning;Phoenix;Tornado,0.0,Made In Iraq,#9029GCPV,ZehaymeR,#GY2LV2QR,0,Baby Dragon;Barbarian Barrel;Golem;Ice Wizard;Lightning;Night Witch;Skeleton King;Tornado,15.96
pathOfLegend,20221109T170226.000Z,Ranked1v1,Queso Cup Teams,#Q0GRRRJV,CAL RUBÉN,#LPRR9P,1,Barbarian Barrel;Cannon;Electro Giant;Golden Knight;Ice Spirit;Lightning;Phoenix;Tornado,0.0,KEMERKÖY E-SPOR,#LV8UYURG,babi,#2PP9CJ8,0,Arrows;Bandit;Earthquake;Ice Wizard;Mini P.E.K.K.A;Musketeer;Prince;Valkyrie,2.28
pathOfLegend,20221109T072536.000Z,Ranked1v1,Queso Cup Teams,#Q0GRRRJV,CAL RUBÉN,#LPRR9P,1,Barbarian Barrel;Cannon;Electro Giant;Golden Knight;Ice Spirit;Lightning;Phoenix;Tornado,0.01,Cerosa,#QCGJUGJG,SUP3R BUU,#P88QJQPUG,0,Arrows;Baby Dragon;Barbarians;Clone;Flying Machine;Goblin Gang;Lava Hound;Skeleton Barrel,0.64
pathOfLegend,20221109T072157.000Z,Ranked1v1,Queso Cup Teams,#Q0GRRRJV,CAL RUBÉN,#LPRR9P,1,Barbarian Barrel;Cannon;Electro Giant;Golden Knight;Ice Spirit;Lightning;Phoenix;Tornado,0.0,Tauritos Gaming,#Y0YY8YV2,Archives,#822URC0QU,0,Bandit;Battle Ram;Electro Wizard;Fireball;Magic Archer;P.E.K.K.A;Royal Ghost;Zap,0.43
pathOfLegend,20221109T071804.000Z,Ranked1v1,Queso Cup Teams,#Q0GRRRJV,CAL RUBÉN,#LPRR9P,1,Barbarian Barrel;Cannon;Electro Giant;Golden Knight;Ice Spirit;Lightning;Phoenix;Tornado,0.0,SMT,#PQRRCJQG,o.t.n.k,#8Y2R9RYG,0,Electro Dragon;Electro Giant;Elixir Collector;Mirror;Phoenix;The Log;Tombstone;Tornado,0.0
pathOfLegend,20221109T071450.000Z,Ranked1v1,Queso Cup Teams,#Q0GRRRJV,CAL RUBÉN,#LPRR9P,1,Barbarian Barrel;Cannon;Electro Giant;Golden Knight;Ice Spirit;Lightning;Phoenix;Tornado,0.0,fory beuh,#Q2CYPVJL,king,#2CQPVQPR0,2,Barbarian Barrel;Battle Healer;Electro Dragon;Elixir Golem;Night Witch;Phoenix;Rage;Tornado,1.04
pathOfLegend,20221109T071025.000Z,Ranked1v1,Queso Cup Teams,#Q0GRRRJV,CAL RUBÉN,#LPRR9P,3,Barbarian Barrel;Cannon;Electro Giant;Golden Knight;Ice Spirit;Lightning;Phoenix;Tornado,1.99,GODS OF WAR,#2UPL8YRC,Dark-Knight,#22QU98VU,0,Arrows;Battle Healer;Elixir Golem;Furnace;Mother Witch;Rocket;Tombstone;Witch,1.24
pathOfLegend,20221108T230948.000Z,Ranked1v1,Queso Cup Teams,#Q0GRRRJV,CAL RUBÉN,#LPRR9P,1,Barbarian Barrel;Cannon;Electro Giant;Golden Knight;Ice Spirit;Lightning;Phoenix;Tornado,0.69,AKATSUKI 2,#8QVUJYPG,Moedor☠️,#9PYGGRLPJ,0,Barbarian Barrel;Dark Prince;Electro Giant;Executioner;Heal Spirit;Prince;Tornado;Zap,0.73
pathOfLegend,20221108T230447.000Z,Ranked1v1,Queso Cup Teams,#Q0GRRRJV,CAL RUBÉN,#LPRR9P,0,Barbarian Barrel;Cannon;Electro Giant;Golden Knight;Ice Spirit;Lightning;Phoenix;Tornado,1.54,HN. One Pice™,#YC2ULLPC,Edgar,#2P908PGY2,1,Bowler;Earthquake;Electro Giant;Fisherman;Inferno Dragon;Lightning;Phoenix;Tornado,2.46
pathOfLegend,20221108T230023.000Z,Ranked1v1,Queso Cup Teams,#Q0GRRRJV,CAL RUBÉN,#LPRR9P,1,Barbarian Barrel;Cannon;Electro Giant;Golden Knight;Ice Spirit;Lightning;Phoenix;Tornado,0.41,Kuwait Legend,#J088LQ2,HASHIRA,#9VLQ809J,0,Baby Dragon;Dark Prince;Electro Wizard;Elite Barbarians;Goblin Gang;Mega Minion;Royal Giant;Zap,1.41
pathOfLegend,20221108T225709.000Z,Ranked1v1,Queso Cup Teams,#Q0GRRRJV,CAL RUBÉN,#LPRR9P,1,Barbarian Barrel;Cannon;Electro Giant;Golden Knight;Ice Spirit;Lightning;Phoenix;Tornado,0.39,X-TREME RD™,#9URV2JR2,Mohamed Oscar,#88VG980YG,0,Bomb Tower;Goblin Gang;Ice Spirit;Miner;Phoenix;Poison;Skeleton King;The Log,0.48
pathOfLegend,20221108T225226.000Z,Ranked1v1,Queso Cup Teams,#Q0GRRRJV,CAL RUBÉN,#LPRR9P,1,Barbarian Barrel;Cannon;Electro Giant;Golden Knight;Ice Spirit;Lightning;Phoenix;Tornado,0.0,clan pange,#L9Q0JCCR,Agar,#UV0PUV20,0,Goblin Giant;Mini P.E.K.K.A;Mirror;Mother Witch;Phoenix;Rage;Sparky;Zap,2.86
pathOfLegend,20221108T224820.000Z,Ranked1v1,Queso Cup Teams,#Q0GRRRJV,CAL RUBÉN,#LPRR9P,3,Barbarian Barrel;Cannon;Electro Giant;Golden Knight;Ice Spirit;Lightning;Phoenix;Tornado,1.53,HogsLand,#LQ0QU99,Kae,#8YY89CVV,1,Arrows;Battle Healer;Electro Dragon;Electro Spirit;Elixir Golem;Phoenix;Rage;Tornado,1.05
pathOfLegend,20221108T224547.000Z,Ranked1v1,Queso Cup Teams,#Q0GRRRJV,CAL RUBÉN,#LPRR9P,1,Barbarian Barrel;Cannon;Electro Giant;Golden Knight;Ice Spirit;Lightning;Phoenix;Tornado,0.28,#FC Esports,#LQJ9JJRL,<c2>Axerifies,#20PRJJLVJ,0,Dart Goblin;Fireball;Goblin Gang;Miner;Mortar;Phoenix;Skeleton Army;Skeleton King,0.34
pathOfLegend,20221108T224223.000Z,Ranked1v1,Queso Cup Teams,#Q0GRRRJV,CAL RUBÉN,#LPRR9P,0,Barbarian Barrel;Cannon;Electro Giant;Golden Knight;Ice Spirit;Lightning;Phoenix;Tornado,0.93,GangPro,#PY9CYUVL,_DG,#89RYUVCQC,1,Barbarian Barrel;Electro Giant;Fisherman;Inferno Dragon;Lightning;Mother Witch;Tombstone;Tornado,2.74
pathOfLegend,20221108T204250.000Z,Ranked1v1,Queso Cup Teams,#Q0GRRRJV,CAL RUBÉN,#LPRR9P,1,Barbarian Barrel;Cannon;Electro Giant;Golden Knight;Ice Spirit;Lightning;Phoenix;Tornado,1.53,#TeamDonut,#QQ2CYJ,Farmer J,#9YYJQ8UCU,0,Arrows;Fisherman;Lightning;Mother Witch;Royal Giant;Skeleton King;The Log;Zappies,1.99
pathOfLegend,20221108T203921.000Z,Ranked1v1,Queso Cup Teams,#Q0GRRRJV,CAL RUBÉN,#LPRR9P,1,Barbarian Barrel;Cannon;Electro Giant;Golden Knight;Ice Spirit;Lightning;Phoenix;Tornado,3.42,Putorraiders',#99LYP2CU,Raider☆ZIPADRE☆,#28RQ2YYLY,0,Bats;Fireball;Fisherman;Giant Skeleton;Graveyard;Mother Witch;Skeleton Army;Skeleton King,4.56
pathOfLegend,20221108T203605.000Z,Ranked1v1,Queso Cup Teams,#Q0GRRRJV,CAL RUBÉN,#LPRR9P,1,Barbarian Barrel;Cannon;Electro Giant;Golden Knight;Ice Spirit;Lightning;Phoenix;Tornado,4.41,No Clan,None,Big O,#8J8QCGLR,0,Giant Snowball;Inferno Dragon;Lava Hound;Miner;Phoenix;Poison;Skeleton King;Tombstone,3.75
pathOfLegend,20221108T203249.000Z,Ranked1v1,Queso Cup Teams,#Q0GRRRJV,CAL RUBÉN,#LPRR9P,1,Barbarian Barrel;Cannon;Electro Giant;Golden Knight;Ice Spirit;Lightning;Phoenix;Tornado,0.89,SiX-CiNQ,#LCGCVU82,Nils,#Q9P9G2UP,0,Baby Dragon;Bowler;Freeze;Graveyard;Inferno Dragon;Tornado;Valkyrie;Zappies,1.37
pathOfLegend,20221108T202940.000Z,Ranked1v1,Queso Cup Teams,#Q0GRRRJV,CAL RUBÉN,#LPRR9P,1,Barbarian Barrel;Cannon;Electro Giant;Golden Knight;Ice Spirit;Lightning;Phoenix;Tornado,4.57,DarkBrothers 25,#PVQVRUPJ,Diego :),#2RPGRCR9,0,Archer Queen;Cannon;Earthquake;Fire Spirit;Royal Delivery;Royal Hogs;Skeletons;The Log,1.13
pathOfLegend,20221110T114223.000Z,Ranked1v1,No Clan,None,TQ Bale,#CLQP9R9,3,Bats;Fireball;Goblin Gang;Ice Golem;Mini P.E.K.K.A;Princess;Royal Hogs;The Log,3.93,Хозяева кланов,#GGR0P0QV,Friend,#V8CQCCVVU,1,Balloon;Bomber;Fireball;Giant Snowball;Inferno Dragon;Lava Hound;Minions;Skeleton Army,2.74
pathOfLegend,20221110T113833.000Z,Ranked1v1,No Clan,None,TQ Bale,#CLQP9R9,0,Bats;Fireball;Goblin Gang;Ice Golem;Mini P.E.K.K.A;Princess;Royal Hogs;The Log,2.6,♛ KINGS RAID ♛,#Q00JLJ2Y,♛︎ マラミュート ♛︎,#8UVVG8C9U,1,Bomb Tower;Goblin Gang;Ice Spirit;Miner;Monk;Phoenix;Poison;The Log,2.95
pathOfLegend,20221110T113356.000Z,Ranked1v1,No Clan,None,TQ Bale,#CLQP9R9,1,Bats;Fireball;Goblin Gang;Ice Golem;Mini P.E.K.K.A;Princess;Royal Hogs;The Log,3.06,QLASH PEKKATORI,#LGUPY9QG,SBG | $oup69,#YGY2LQGR,0,Dart Goblin;Fireball;Goblin Drill;Inferno Tower;Skeleton Army;Skeleton King;The Log;Wall Breakers,3.05
pathOfLegend,20221110T113042.000Z,Ranked1v1,No Clan,None,TQ Bale,#CLQP9R9,0,Bats;Fireball;Goblin Gang;Ice Golem;Mini P.E.K.K.A;Princess;Royal Hogs;The Log,3.83,さんどすとーむ,#QQYLRC9V,mini Pompeyo4,#YYJU0JLVV,1,Balloon;Fireball;Goblin Cage;Ice Golem;Inferno Dragon;Miner;Phoenix;Zap,2.45
pathOfLegend,20221110T112723.000Z,Ranked1v1,No Clan,None,TQ Bale,#CLQP9R9,0,Bats;Fireball;Goblin Gang;Ice Golem;Mini P.E.K.K.A;Princess;Royal Hogs;The Log,1.69,Crazy Hulk Army,#GQ9RUUQR,ＣＲＡＺＹ ＨＵＬＫ•שטן•,#9G2P9PRLG,1,Barbarian Barrel;Bomb Tower;Executioner;Giant Skeleton;Graveyard;Phoenix;Poison;Tornado,2.12
pathOfLegend,20221110T112258.000Z,Ranked1v1,No Clan,None,TQ Bale,#CLQP9R9,0,Bats;Fireball;Goblin Gang;Ice Golem;Mini P.E.K.K.A;Princess;Royal Hogs;The Log,8.87,Social Media,#Q8JG99LV,Zodiac,#9R2RQPV9Q,1,Battle Healer;Electro Dragon;Elixir Golem;Fireball;Monk;Phoenix;The Log;Tornado,11.24
pathOfLegend,20221110T111659.000Z,Ranked1v1,No Clan,None,TQ Bale,#CLQP9R9,1,Fireball;Fisherman;Goblins;Hunter;Royal Ghost;Royal Giant;The Log;Zappies,6.62,HEARTRIDER,#L9CCUU9U,OX.,#8LLV0LUU0,0,Arrows;Cannon;Freeze;Graveyard;Monk;Phoenix;Skeletons;Zappies,8.7
pathOfLegend,20221110T111333.000Z,Ranked1v1,No Clan,None,TQ Bale,#CLQP9R9,3,Fireball;Fisherman;Goblins;Hunter;Royal Ghost;Royal Giant;The Log;Zappies,1.66,I Disagiati,#GYJGRJJG,✨⚡️Bluff⚡️✨,#YYY0J0899,0,Battle Healer;Electro Dragon;Elite Barbarians;Elixir Golem;Phoenix;Rage;Tornado;Zap,11.92
pathOfLegend,20221110T111039.000Z,Ranked1v1,No Clan,None,TQ Bale,#CLQP9R9,0,Fireball;Fisherman;Goblins;Hunter;Royal Ghost;Royal Giant;The Log;Zappies,7.09,ラダーキラー,#Q0L0J8JQ,EthanWinters,#8CRPJ2RCG,1,Goblin Barrel;Goblin Gang;Ice Spirit;Inferno Tower;Princess;Rocket;The Log;Valkyrie,3.18
pathOfLegend,20221110T110317.000Z,Ranked1v1,No Clan,None,TQ Bale,#CLQP9R9,1,Dart Goblin;Goblin Drill;Inferno Tower;Poison;Skeleton Army;Skeleton King;The Log;Wall Breakers,1.98,No Clan,None,Sasuke❤️,#UQJ9LUP,0,Battle Healer;Electro Dragon;Elixir Collector;Mirror;Monk;Phoenix;Rage;Tornado,3.05
pathOfLegend,20221110T105810.000Z,Ranked1v1,No Clan,None,TQ Bale,#CLQP9R9,3,Dart Goblin;Goblin Drill;Inferno Tower;Poison;Skeleton Army;Skeleton King;The Log;Wall Breakers,5.93,たんぽぽ団,#Q0CGCVJ2,Chikaporon™️,#98PCYQ00R,0,Battle Healer;Electro Dragon;Elixir Golem;Mirror;Phoenix;Rage;Tornado;Zap,7.32
pathOfLegend,20221109T184342.000Z,Ranked1v1,DEDsafíoMundial,#GGLQUQR0,TQ Bale,#CLQP9R9,1,Barbarian Barrel;Goblins;Graveyard;Monk;Phoenix;Poison;Tombstone;Zappies,9.15,QLASH,#Q0C0VQPP,Ped,#RC0U0GRRV,0,Fireball;Fisherman;Goblins;Hunter;Monk;Royal Giant;The Log;Zappies,19.24
pathOfLegend,20221109T183733.000Z,Ranked1v1,DEDsafíoMundial,#GGLQUQR0,TQ Bale,#CLQP9R9,1,Barbarian Barrel;Goblins;Graveyard;Monk;Phoenix;Poison;Tombstone;Zappies,8.09,No Clan,None,CMG Kodigogg,#22Q8LLU8J,0,Barbarian Barrel;Graveyard;Monk;Mother Witch;Phoenix;Poison;Tombstone;Zappies,9.24
pathOfLegend,20221109T183213.000Z,Ranked1v1,DEDsafíoMundial,#GGLQUQR0,TQ Bale,#CLQP9R9,0,Barbarian Barrel;Goblins;Graveyard;Monk;Phoenix;Poison;Tombstone;Zappies,3.25,Fierce Force,#QC8R0888,~Retaliation~,#8P2P8J0,1,Arrows;Fireball;Fisherman;Monk;Mother Witch;Phoenix;Royal Giant;Zappies,4.1
pathOfLegend,20221109T182852.000Z,Ranked1v1,DEDsafíoMundial,#GGLQUQR0,TQ Bale,#CLQP9R9,2,Barbarian Barrel;Goblins;Graveyard;Monk;Phoenix;Poison;Tombstone;Zappies,3.6,La Resistencia,#YJV8LPP2,LR DarkRider,#28PQ209,1,Arrows;Bowler;Freeze;Graveyard;Musketeer;Phoenix;Tombstone;Valkyrie,2.74
pathOfLegend,20221109T182452.000Z,Ranked1v1,DEDsafíoMundial,#GGLQUQR0,TQ Bale,#CLQP9R9,3,Barbarian Barrel;Goblins;Graveyard;Monk;Phoenix;Poison;Tombstone;Zappies,2.85,Goddesses Triub,#Q0PUQLUQ,<c6>Frifayero69,#PLC2LLPUV,0,Arrows;Fireball;Giant Skeleton;Graveyard;Phoenix;Skeleton King;Tombstone;Zappies,17.17
pathOfLegend,20221109T182127.000Z,Ranked1v1,DEDsafíoMundial,#GGLQUQR0,TQ Bale,#CLQP9R9,0,Barbarian Barrel;Goblins;Graveyard;Monk;Phoenix;Poison;Tombstone;Zappies,12.06,Unique Nemesis,#90UGC9YG,clashofme,#GVYLCJV,3,Battle Healer;Electro Dragon;Elixir Golem;Heal Spirit;Mirror;Phoenix;Rage;Tornado,8.26
pathOfLegend,20221109T181821.000Z,Ranked1v1,DEDsafíoMundial,#GGLQUQR0,TQ Bale,#CLQP9R9,1,Barbarian Barrel;Goblins;Graveyard;Monk;Phoenix;Poison;Tombstone;Zappies,1.79,LastElite,#PCRC80PR,herthaChris,#Y20YQLYV,0,Barbarian Barrel;Goblins;Graveyard;Monk;Phoenix;Poison;Tombstone;Zappies,3.29
pathOfLegend,20221109T181230.000Z,Ranked1v1,DEDsafíoMundial,#GGLQUQR0,TQ Bale,#CLQP9R9,1,Barbarian Barrel;Goblins;Graveyard;Monk;Phoenix;Poison;Tombstone;Zappies,4.91,QLASH PEKKATORI,#LGUPY9QG,SBG | $oup69,#YGY2LQGR,0,Dart Goblin;Fireball;Goblin Drill;Inferno Tower;Skeleton Army;Skeleton King;The Log;Wall Breakers,6.81
pathOfLegend,20221109T180802.000Z,Ranked1v1,DEDsafíoMundial,#GGLQUQR0,TQ Bale,#CLQP9R9,0,Barbarian Barrel;Goblins;Graveyard;Monk;Phoenix;Poison;Tombstone;Zappies,5.5,上腕二頭キングダム（株）,#L2LRY2JG,ポン太パパ,#9CVVJJYQ8,1,Barbarian Barrel;Bomber;Cannon;Electro Giant;Golden Knight;Lightning;Phoenix;Tornado,6.53
pathOfLegend,20221109T180217.000Z,Ranked1v1,DEDsafíoMundial,#GGLQUQR0,TQ Bale,#CLQP9R9,0,Barbarian Barrel;Goblins;Graveyard;Monk;Phoenix;Poison;Tombstone;Zappies,7.18,No Clan,None,mini Pompeyo4,#YYJU0JLVV,1,Bomber;Earthquake;Electro Giant;Executioner;Goblins;Mirror;Phoenix;Tornado,6.54
pathOfLegend,20221109T175625.000Z,Ranked1v1,DEDsafíoMundial,#GGLQUQR0,TQ Bale,#CLQP9R9,0,Barbarian Barrel;Goblins;Graveyard;Monk;Phoenix;Poison;Tombstone;Zappies,9.17,Хозяева кланов,#GGR0P0QV,Friend,#V8CQCCVVU,3,Balloon;Bomber;Fireball;Giant Snowball;Inferno Dragon;Lava Hound;Minions;Skeleton Army,0.0
pathOfLegend,20221109T175302.000Z,Ranked1v1,DEDsafíoMundial,#GGLQUQR0,TQ Bale,#CLQP9R9,1,Barbarian Barrel;Goblins;Graveyard;Monk;Phoenix;Poison;Tombstone;Zappies,5.44,LimiT eSports,#9YJGVCPQ,Vinicius,#8GV0CUQP2,0,Fireball;Fisherman;Mother Witch;Phoenix;Royal Giant;Skeleton Army;Skeleton King;The Log,3.2
pathOfLegend,20221109T174733.000Z,Ranked1v1,DEDsafíoMundial,#GGLQUQR0,TQ Bale,#CLQP9R9,3,Barbarian Barrel;Goblins;Graveyard;Monk;Phoenix;Poison;Tombstone;Zappies,7.15,SandStorm Top™️,#Y8JG8RGU,Mατεσ✨ツ,#YCJPRRQYL,1,Baby Dragon;Balloon;Barbarian Barrel;Bowler;Freeze;Inferno Dragon;Lumberjack;Tornado,6.82
pathOfLegend,20221109T174309.000Z,Ranked1v1,DEDsafíoMundial,#GGLQUQR0,TQ Bale,#CLQP9R9,1,Barbarian Barrel;Goblins;Graveyard;Monk;Phoenix;Poison;Tombstone;Zappies,7.22,No Clan,None,CMG Kodigogg,#22Q8LLU8J,0,Bomb Tower;Miner;Mirror;Monk;Phoenix;Poison;Skeletons;The Log,1.62
